{"0": {"tot_time": [0.05631351470947269, 0.07508468627929692, 0.10011291503906254, 0.13348388671875006, 0.17797851562500006, 0.23730468750000006, 0.31640625000000006, 0.42187500000000006, 0.5625000000000001, 0.75, 1.0, 1.3333333333333333, 1.7777777777777777, 2.37037037037037, 3.160493827160493, 4.213991769547324, 5.618655692729765, 7.491540923639686, 9.98872123151958, 13.318294975359441, 17.757726633812588, 23.676968845083447, 31.569291793444595, 42.09238905792613, 56.12318541056816, 74.83091388075755, 99.77455184101005, 133.0327357880134, 177.37698105068452, 236.5026414009127, 315.3368552012169, 420.44914026828917, 560.5988536910522, 747.4651382547362, 996.6201843396482], "density": [0.08319190683779379, 0.08308427992750955, 0.08289390359515704, 0.0825584655188603, 0.08197148308868303, 0.08095666927377801, 0.0792387376445965, 0.07643336659848722, 0.07211697177865742, 0.06605915734092899, 0.0585475515424119, 0.050387200131200335, 0.04254849666239626, 0.03593273131110019, 0.03073593990675098, 0.026196237588393845, 0.021988337020806468, 0.018479532519785777, 0.015423613670348573, 0.012825000134746653, 0.010618680313908349, 0.008759880877001098, 0.007197566850611352, 0.0058905279365408835, 0.004800365851011768, 0.0038946666312904836, 0.0031444220650106926, 0.002524932571040072, 0.002014927159676942, 0.0015965233508735506, 0.0012544995231975257, 0.0009760527264151052, 0.0007504682880796114, 0.0005687264752199459, 0.00042334041137715166]}, "0.5": {"tot_time": [0.05631351470947269, 0.07508468627929692, 0.10011291503906254, 0.13348388671875006, 0.17797851562500006, 0.23730468750000006, 0.31640625000000006, 0.42187500000000006, 0.5625000000000001, 0.75, 1.0, 1.3333333333333333, 1.7777777777777777, 2.37037037037037, 3.160493827160493, 4.213991769547324, 5.618655692729765, 7.491540923639686, 9.98872123151958, 13.318294975359441, 17.757726633812588, 23.676968845083447, 31.569291793444595, 42.09238905792613, 56.12318541056816, 74.83091388075755, 99.77455184101005, 133.0327357880134, 177.37698105068452, 236.5026414009127, 315.3368552012169, 420.44914026828917, 560.5988536910522, 747.4651382547362, 996.6201843396482], "density": [0.08333084641905987, 0.08333083614495332, 0.0833308175650261, 0.08333078512244603, 0.08333072650591002, 0.08333062429210941, 0.08333044214201829, 0.08333012161900143, 0.08332954936106886, 0.08332856222152554, 0.08332674430784823, 0.0833236540758138, 0.08331787516526115, 0.08330763807151514, 0.083290071259129, 0.08325772814496835, 0.08320279496845191, 0.08310096923986114, 0.08292065600548958, 0.08261185962868793, 0.08205242403070644, 0.08107854219397924, 0.0794096104328054, 0.07662488451918655, 0.07217671190813689, 0.0655321704166616, 0.05648990064495385, 0.04551657141926843, 0.03388024556107486, 0.022226471975371417, 0.008718807831771659, 0.00017457464366501822, 4.191292646622268e-05, 1.9049630036330348e-05, 9.593892232255544e-06]}, "0.25": {"tot_time": [0.05631351470947269, 0.07508468627929692, 0.10011291503906254, 0.13348388671875006, 0.17797851562500006, 0.23730468750000006, 0.31640625000000006, 0.42187500000000006, 0.5625000000000001, 0.75, 1.0, 1.3333333333333333, 1.7777777777777777, 2.37037037037037, 3.160493827160493, 4.213991769547324, 5.618655692729765, 7.491540923639686, 9.98872123151958, 13.318294975359441, 17.757726633812588, 23.676968845083447, 31.569291793444595, 42.09238905792613, 56.12318541056816, 74.83091388075755, 99.77455184101005, 133.0327357880134, 177.37698105068452, 236.5026414009127, 315.3368552012169, 420.44914026828917, 560.5988536910522, 747.4651382547362, 996.6201843396482], "density": [0.08333081473760917, 0.08333077982255502, 0.08333071743667667, 0.08333060711686081, 0.08333041005530757, 0.08333006171779693, 0.08332944205242516, 0.08332834371787443, 0.0833263887636431, 0.08332294420304757, 0.0833167576533744, 0.08330590600250422, 0.0832863330142894, 0.08325160137856767, 0.0831905837793696, 0.08308125473418135, 0.08289034258672652, 0.08254942909460344, 0.08195247423745132, 0.0809285107695147, 0.07917482761637949, 0.07629903957890892, 0.0718400181006721, 0.06549469349235368, 0.05744806000429159, 0.04844621902816939, 0.039498640891237655, 0.031505069818488655, 0.023935311044190808, 0.015526968422506959, 0.00590644065420723, 9.475736327585448e-05, 3.660075341061953e-05, 1.6212022811263905e-05, 8.098991372794627e-06]}, "0.125": {"tot_time": [0.05631351470947269, 0.07508468627929692, 0.10011291503906254, 0.13348388671875006, 0.17797851562500006, 0.23730468750000006, 0.31640625000000006, 0.42187500000000006, 0.5625000000000001, 0.75, 1.0, 1.3333333333333333, 1.7777777777777777, 2.37037037037037, 3.160493827160493, 4.213991769547324, 5.618655692729765, 7.491540923639686, 9.98872123151958, 13.318294975359441, 17.757726633812588, 23.676968845083447, 31.569291793444595, 42.09238905792613, 56.12318541056816, 74.83091388075755, 99.77455184101005, 133.0327357880134, 177.37698105068452, 236.5026414009127, 315.3368552012169, 420.44914026828917, 560.5988536910522, 747.4651382547362, 996.6201843396482], "density": [0.08333069296983975, 0.08333056334659374, 0.08333033259276436, 0.08332992295584768, 0.08332919379274419, 0.08332789953213772, 0.08332559841329105, 0.0833215111621859, 0.08331424382984003, 0.0833013599102783, 0.08327840342821326, 0.08323778308873006, 0.0831654054943853, 0.08303719579781539, 0.08281125767608637, 0.08241261072560517, 0.08171943778258912, 0.08052235246274864, 0.07851234589579355, 0.07528276318629695, 0.07040523870131321, 0.0637622183646494, 0.055797396146361755, 0.047389442179778515, 0.039531050554759195, 0.03297561939409038, 0.027400662611437258, 0.021803844187383483, 0.016371194246200548, 0.010705617942831048, 0.0042965990473825206, 9.657424495930187e-05, 3.180424242775372e-05, 1.5362578630128668e-05, 7.167786337918355e-06]}, "0.0625": {"tot_time": [0.05631351470947269, 0.07508468627929692, 0.10011291503906254, 0.13348388671875006, 0.17797851562500006, 0.23730468750000006, 0.31640625000000006, 0.42187500000000006, 0.5625000000000001, 0.75, 1.0, 1.3333333333333333, 1.7777777777777777, 2.37037037037037, 3.160493827160493, 4.213991769547324, 5.618655692729765, 7.491540923639686, 9.98872123151958, 13.318294975359441, 17.757726633812588, 23.676968845083447, 31.569291793444595, 42.09238905792613, 56.12318541056816, 74.83091388075755, 99.77455184101005, 133.0327357880134, 177.37698105068452, 236.5026414009127, 315.3368552012169, 420.44914026828917, 560.5988536910522, 747.4651382547362, 996.6201843396482], "density": [0.08333024289125114, 0.08332976321510911, 0.0833289101633756, 0.08332739427394062, 0.08332469862577717, 0.08331990893707276, 0.08331139560120822, 0.08329626982238562, 0.08326939593258305, 0.08322171290235152, 0.08313706274685502, 0.08298732203168187, 0.08272265735335355, 0.08225796911736688, 0.08145041902300457, 0.08006788362856213, 0.0777722814788356, 0.07413240289773751, 0.06879533374247299, 0.061799474233910176, 0.053750046811562764, 0.04558685429190895, 0.038290202950261275, 0.032432126987470014, 0.02753031016365409, 0.022821581727122918, 0.01865036539193917, 0.01477908006325414, 0.011095133767318188, 0.007388429940249496, 0.0033237339346715517, 0.00010522101974064524, 3.431827882318666e-05, 1.4427196418445315e-05, 6.661069214489949e-06]}, "0.03125": {"tot_time": [0.05631351470947269, 0.07508468627929692, 0.10011291503906254, 0.13348388671875006, 0.17797851562500006, 0.23730468750000006, 0.31640625000000006, 0.42187500000000006, 0.5625000000000001, 0.75, 1.0, 1.3333333333333333, 1.7777777777777777, 2.37037037037037, 3.160493827160493, 4.213991769547324, 5.618655692729765, 7.491540923639686, 9.98872123151958, 13.318294975359441, 17.757726633812588, 23.676968845083447, 31.569291793444595, 42.09238905792613, 56.12318541056816, 74.83091388075755, 99.77455184101005, 133.0327357880134, 177.37698105068452, 236.5026414009127, 315.3368552012169, 420.44914026828917, 560.5988536910522, 747.4651382547362, 996.6201843396482],