{"0": {"velocity": [0.4, 0.6000000000000001, 0.8, 1.0, 1.2000000000000002, 1.4000000000000001, 1.6, 1.8, 2.0, 2.2, 2.4000000000000004, 2.6, 2.8000000000000003, 3.0, 3.2, 3.4000000000000004, 3.6, 3.8000000000000003, 4.0, 4.2, 4.4, 4.6000000000000005, 4.800000000000001, 5.0, 5.2, 5.4, 5.6000000000000005, 5.800000000000001, 6.0, 6.2, 6.4, 6.6000000000000005, 6.800000000000001, 7.0, 7.2, 7.4, 7.6000000000000005, 7.800000000000001, 8.0, 8.200000000000001, 8.4, 8.6, 8.8, 9.0, 9.200000000000001, 9.4, 9.600000000000001, 9.8, 10.0], "density": [0.02729259554245241, 0.03400134044517628, 0.04009324021933475, 0.04581693416875725, 0.05091075379670581, 0.055307023329297655, 0.05905800660464909, 0.0622418761667562, 0.06493637095177016, 0.06721417343010715, 0.06914112637412966, 0.07077492932097898, 0.07216503980186979, 0.07335270807279227, 0.07437211594718424, 0.07525134536753313, 0.07601339499512466, 0.07667709252039102, 0.07725787317878655, 0.07776842482826495, 0.07821921337198345, 0.07861890636944359, 0.07897471302128015, 0.07929265616173951, 0.07957778599572848, 0.0798343725027467, 0.0800660185212081, 0.08027579200711031, 0.08046631288604766, 0.08063982760588104, 0.0807982699526539, 0.08094331090212133, 0.0810763995959332, 0.08119879721926758, 0.08131160507800016, 0.08141578798391773, 0.08151219380796275, 0.08160156987565723, 0.08168457678367515, 0.08176180007660125, 0.08183376014491484, 0.08190092065959886, 0.08196369575804992, 0.08202245620897632, 0.08207753470984959, 0.08212923044673585, 0.08217781302769078, 0.08222352590538722, 0.08226658935000257]}, "0.5": {"velocity": [0.4, 0.6000000000000001, 0.8, 1.0, 1.2000000000000002, 1.4000000000000001, 1.6, 1.8, 2.0, 2.2, 2.4000000000000004, 2.6, 2.8000000000000003, 3.0, 3.2, 3.4000000000000004, 3.6, 3.8000000000000003, 4.0, 4.2, 4.4, 4.6000000000000005, 4.800000000000001, 5.0, 5.2, 5.4, 5.6000000000000005, 5.800000000000001, 6.0, 6.2, 6.4, 6.6000000000000005, 6.800000000000001, 7.0, 7.2, 7.4, 7.6000000000000005, 7.800000000000001, 8.0, 8.200000000000001, 8.4, 8.6, 8.8, 9.0, 9.200000000000001, 9.4, 9.600000000000001, 9.8, 10.0], "density": [2.7375205435841894e-06, 6.286155510858495e-06, 1.2432749983018023e-05, 2.0571229726203423e-05, 3.374963689303331e-05, 5.675473727237497e-05, 0.00011388627487539995, 0.0003530835852495348, 0.0023248254311107573, 0.007342244411836654, 0.011724977679663073, 0.015571894785706808, 0.01892269990477122, 0.022027576173651912, 0.024829878497254168, 0.027309428938241294, 0.029564648872866556, 0.03168110891596216, 0.03370314938410564, 0.03564858634359093, 0.03752286261648448, 0.039326778039189346, 0.04105996775245742, 0.04272226170010595, 0.044314125379410596, 0.04583663825098722, 0.04729143376554576, 0.04868053776099182, 0.05000624383860218, 0.05127101074236629, 0.05247738418169661, 0.0536279343545358, 0.05472521704168061, 0.05577174098510029, 0.05676995014187988, 0.057722208518248615, 0.058630792408072514, 0.05949788543841892, 0.0603255746859058, 0.06111585719452775, 0.06187062841642495, 0.0625916964283795, 0.06328077665557849, 0.06393949820576081, 0.06456940624976051, 0.06517196526029106, 0.06574856196492627, 0.06630050960806048, 0.06682901953306153]}, "0.25": {"velocity": [0.4, 0.6000000000000001, 0.8, 1.0, 1.2000000000000002, 1.4000000000000001, 1.6, 1.8, 2.0, 2.2, 2.4000000000000004, 2.6, 2.8000000000000003, 3.0, 3.2, 3.4000000000000004, 3.6, 3.8000000000000003, 4.0, 4.2, 4.4, 4.6000000000000005, 4.800000000000001, 5.0, 5.2, 5.4, 5.6000000000000005, 5.800000000000001, 6.0, 6.2, 6.4, 6.6000000000000005, 6.800000000000001, 7.0, 7.2, 7.4, 7.6000000000000005, 7.800000000000001, 8.0, 8.200000000000001, 8.4, 8.6, 8.8, 9.0, 9.200000000000001, 9.4, 9.600000000000001, 9.8, 10.0], "density": [2.0023291733658358e-06, 5.077893581101881e-06, 1.0132399839425968e-05, 1.8559002784491967e-05, 3.014786560786548e-05, 4.482719093351331e-05, 7.568139429438505e-05, 0.00014068637329167256, 0.0010544347786439936, 0.004590217539863549, 0.007749907447342324, 0.010510905438991433, 0.01295096319182138, 0.015118152910368715, 0.01709410373815338, 0.018888748105352827, 0.020548502442400158, 0.022107608782561145, 0.02356466450500909, 0.02491692067585748, 0.026171668149511225, 0.027342972588667774, 0.02844665223392677, 0.029497193230484716, 0.03050649997337389, 0.03148373413382139, 0.03243561954225559, 0.0333669114391852, 0.03428085399013377, 0.03517957022456229, 0.036064374368767596, 0.03693600993131502, 0.037794829018500904, 0.03864092488639631, 0.03947422925088344, 0.04029458263548525, 0.041101784423180604, 0.04189562755665325, 0.042675921399593975, 0.04344250867731106, 0.04419526898932155, 0.044934127198219924, 0.04565905074037444, 0.04637004883820981, 0.04706716895789652, 0.04775049265726904, 0.04842013123249758, 0.04907622116796778, 0.04971891472460903]}, "0.125": {"velocity": [0.4, 0.6000000000000001, 0.8, 1.0, 1.2000000000000002, 1.4000000000000001, 1.6, 1.8, 2.0, 2.2, 2.4000000000000004, 2.6, 2.8000000000000003, 3.0, 3.2, 3.4000000000000004, 3.6, 3.8000000000000003, 4.0, 4.2, 4.4, 4.6000000000000005, 4.800000000000001, 5.0, 5.2, 5.4, 5.6000000000000005, 5.800000000000001, 6.0, 6.2, 6.4, 6.6000000000000005, 6.800000000000001, 7.0, 7.2, 7.4, 7.6000000000000005, 7.800000000000001, 8.0, 8.200000000000001, 8.4, 8.6, 8.8, 9.0, 9.200000000000001, 9.4, 9.600000000000001, 9.8, 10.0], "density": [1.6667736494168845e-06, 4.501695208348235e-06, 9.260525766890819e-06, 1.58658283184739e-05, 2.6801664689358065e-05, 4.270663033951291e-05, 6.38826833889097e-05, 0.00012021598189243127, 0.0005755708894262803, 0.0029711314944063775, 0.005118066524007208, 0.0069747016761107, 0.008609544030904536, 0.010072920450783441, 0.011399987695951597, 0.012617699961673045, 0.013746266514568282, 0.014794484816926412, 0.015782448062542937, 0.016721263047437988, 0.017608222953847515, 0.01844420514202575, 0.019237521855556442, 0.01999878525457837, 0.02073638037889447, 0.021454987102373688, 0.022156124464507793, 0.022839375982196222, 0.02350353153388342, 0.02414737341060679, 0.02477010183696628, 0.025371493957186825, 0.02595189993325597, 0.026512155744744702, 0.02705346396747414, 0.027577270981690428, 0.028085156509476038, 0.02857874244962747, 0.02905962313917247, 0.029529316570060537, 0.029989232273741843, 0.03044065456922438, 0.030884734880838937, 0.03132249139661218, 0.03175481330562912, 0.032182467597509784, 0.03260610749427445, 0.03302628186198162, 0.033443446024183275]}, "0.0625": {"velocity": [0.4, 0.6000000000000001, 0.8, 1.0, 1.2000000000000002, 1.4000000000000001, 1.6, 1.8, 2.0, 2.2, 2.4000000000000004, 2.6, 2.8000000000000003, 3.0, 3.2, 3.4000000000000004, 3.6, 3.8000000000000003, 4.0, 4.2, 4.4, 4.6000000000000005, 4.800000000000001, 5.0, 5.2, 5.4, 5.6000000000000005, 5.800000000000001, 6.0, 6.2, 6.4, 6.6000000000000005, 6.800000000000001, 7.0, 7.2, 7.4, 7.6000000000000005, 7.800000000000001, 8.0, 8.200000000000001, 8.4, 8.6, 8.8, 9.0, 9.200000000000001, 9.4, 9.600000000000001, 9.8, 10.0],