{"100": {"tot_time": [0.05631351470947269, 0.07508468627929692, 0.10011291503906254, 0.13348388671875006, 0.17797851562500006, 0.23730468750000006, 0.31640625000000006, 0.42187500000000006, 0.5625000000000001, 0.75, 1.0, 1.3333333333333333, 1.7777777777777777, 2.37037037037037, 3.160493827160493, 4.213991769547324, 5.618655692729765, 7.491540923639686, 9.98872123151958, 13.318294975359441, 17.757726633812588, 23.676968845083447, 31.569291793444595, 42.09238905792613, 56.12318541056816, 74.83091388075755, 99.77455184101005, 133.0327357880134, 177.37698105068452, 236.5026414009127, 315.3368552012169, 420.44914026828917, 560.5988536910522, 747.4651382547362, 996.6201843396482], "density": [0.07717340477890103, 0.0770668984942511, 0.07687850585130435, 0.07654656765296644, 0.07596572461488085, 0.07496157332456778, 0.07326184981831618, 0.07048673458822108, 0.06621861433042313, 0.06023400212634947, 0.05282834967231226, 0.04481554709355106, 0.0371660548575041, 0.0307581110869621, 0.025753868979791924, 0.021397820924579473, 0.017402687678248676, 0.01410636412191837, 0.011274365139159285, 0.0089040964235881, 0.006931494177767311, 0.0053103153603115474, 0.00398904719678862, 0.002925258849495967, 0.002080532900397305, 0.0014219246989265427, 0.000920725524870717, 0.0005529200410400137, 0.00029783121579323666, 0.00013686625826102796, 5.030475850429183e-05, 1.4143594053561947e-05, 3.2670401816689555e-06, 8.050468130046859e-07, 2.412808337507831e-07]}, "200": {"tot_time": [0.05631351470947269, 0.07508468627929692, 0.10011291503906254, 0.13348388671875006, 0.17797851562500006, 0.23730468750000006, 0.31640625000000006, 0.42187500000000006, 0.5625000000000001, 0.75, 1.0, 1.3333333333333333, 1.7777777777777777, 2.37037037037037, 3.160493827160493, 4.213991769547324, 5.618655692729765, 7.491540923639686, 9.98872123151958, 13.318294975359441, 17.757726633812588, 23.676968845083447, 31.569291793444595, 42.09238905792613, 56.12318541056816, 74.83091388075755, 99.77455184101005, 133.0327357880134, 177.37698105068452, 236.5026414009127, 315.3368552012169, 420.44914026828917, 560.5988536910522, 747.4651382547362, 996.6201843396482], "density": [0.08017249006611638, 0.080065362373788, 0.07987586974572813, 0.0795419908365352, 0.07895774352774898, 0.07794768012798624, 0.07623786132829319, 0.07344597301296328, 0.06915109565551292, 0.06312592177217147, 0.055661582804770744, 0.047567087207289374, 0.03981288108913515, 0.03328999085512619, 0.02817932332122899, 0.02372182519305946, 0.019609235223591214, 0.01619572115324204, 0.013240335981468072, 0.010744374944301551, 0.008643265232164993, 0.006891577557563362, 0.005438048567440991, 0.004240875336509114, 0.0032615598054140087, 0.00246726514816389, 0.0018288026094863633, 0.0013213025605937653, 0.0009234516242751208, 0.0006174435584831001, 0.00038836817408867446, 0.00022395619899605077, 0.00011375171997066287, 4.797368647066514e-05, 1.5746981983698788e-05]}, "300": {"tot_time": [0.05631351470947269, 0.07508468627929692, 0.10011291503906254, 0.13348388671875006, 0.17797851562500006, 0.23730468750000006, 0.31640625000000006, 0.42187500000000006, 0.5625000000000001, 0.75, 1.0, 1.3333333333333333, 1.7777777777777777, 2.37037037037037, 3.160493827160493, 4.213991769547324, 5.618655692729765, 7.491540923639686, 9.98872123151958, 13.318294975359441, 17.757726633812588, 23.676968845083447, 31.569291793444595, 42.09238905792613, 56.12318541056816, 74.83091388075755, 99.77455184101005, 133.0327357880134, 177.37698105068452, 236.5026414009127, 315.3368552012169, 420.44914026828917, 560.5988536910522, 747.4651382547362, 996.6201843396482], "density": [0.08132288516248934, 0.08121554969345905, 0.08102568926527909, 0.0806911614311532, 0.08010577578000043, 0.07909373532808742, 0.07738054022244957, 0.07458304119990242, 0.07027921058879631, 0.06424045763962392, 0.0567564594008806, 0.0486345797307942, 0.04084524776809187, 0.03428376333178987, 0.02913732315690359, 0.024645693203977945, 0.020493546288525042, 0.017040508758771153, 0.01404345253581031, 0.01150497562418317, 0.009360329647515304, 0.007564363695725733, 0.0060659143545041495, 0.004823427453487298, 0.0037984465064100944, 0.002958303219114992, 0.002273866683256905, 0.001720303231320171, 0.0012762518959792512, 0.0009237583884463456, 0.0006475883005565625, 0.0004350266893452838, 0.00027557039881593963, 0.00016059352182136175, 8.285876656844584e-05]}, "400": {"tot_time": [0.05631351470947269, 0.07508468627929692, 0.10011291503906254, 0.13348388671875006, 0.17797851562500006, 0.23730468750000006, 0.31640625000000006, 0.42187500000000006, 0.5625000000000001, 0.75, 1.0, 1.3333333333333333, 1.7777777777777777, 2.37037037037037, 3.160493827160493, 4.213991769547324, 5.618655692729765, 7.491540923639686, 9.98872123151958, 13.318294975359441, 17.757726633812588, 23.676968845083447, 31.569291793444595, 42.09238905792613, 56.12318541056816, 74.83091388075755, 99.77455184101005, 133.0327357880134, 177.37698105068452, 236.5026414009127, 315.3368552012169, 420.44914026828917, 560.5988536910522, 747.4651382547362, 996.6201843396482], "density": [0.08194458284409416, 0.08183714336366778, 0.08164709881682787, 0.08131224613207909, 0.08072629062115264, 0.07971326042362552, 0.0779983750114591, 0.07519806685214038, 0.07088975302930851, 0.0648441992709467, 0.05735035263075945, 0.04921475121095251, 0.04140781308576893, 0.03482697652493334, 0.029662590610161663, 0.025153831377909445, 0.020981823814325135, 0.017508929469608345, 0.014490923523202826, 0.011931055156340156, 0.009764484797080968, 0.007946198703216178, 0.006425081830878823, 0.005159704782397741, 0.004111633922012851, 0.0032482923067916974, 0.0025405917137317434, 0.001963741829983613, 0.0014964035594573011, 0.0011206288873625877, 0.0008211541588826596, 0.0005851707193890506, 0.000401996259113915, 0.0002627428751912087, 0.00016016280955359266]}, "500": {"tot_time": [0.05631351470947269, 0.07508468627929692, 0.10011291503906254, 0.13348388671875006, 0.17797851562500006, 0.23730468750000006, 0.31640625000000006, 0.42187500000000006, 0.5625000000000001, 0.75, 1.0, 1.3333333333333333, 1.7777777777777777, 2.37037037037037, 3.160493827160493, 4.213991769547324, 5.618655692729765, 7.491540923639686, 9.98872123151958, 13.318294975359441, 17.757726633812588, 23.676968845083447, 31.569291793444595, 42.09238905792613, 56.12318541056816, 74.83091388075755, 99.77455184101005, 133.0327357880134, 177.37698105068452, 236.5026414009127, 315.3368552012169, 420.44914026828917, 560.5988536910522, 747.4651382547362, 996.6201843396482], "density": [0.08233802759521983, 0.08223052566820635, 0.08204037057955146, 0.08170532285903166, 0.08111902520977742, 0.08010540077085725, 0.07838950047889104, 0.07558750561479015, 0.07127649973589711, 0.0652268618438698, 0.057727100085151216, 0.04958325597555973, 0.0417657400868394, 0.035173274283632906, 0.02999810143579004, 0.025479043799126456, 0.02129509272695607, 0.01781025270617829, 0.01477963873872951, 0.012206890462567293, 0.010027112192333005, 0.008195371400511027, 0.0066605809420397285, 0.005381385534814836, 0.004319364597616646, 0.0034419963568579934, 0.002720219737709444, 0.0021292742338476778, 0.0016478415154419742, 0.0012579912522297015, 0.0009444635096768778, 0.0006944375994411556, 0.0004971918315538003, 0.0003437452069692533, 0.00022669799722782868]}, "1000": {"tot_time": [0.05631351470947269, 0.07508468627929692, 0.10011291503906254, 0.13348388671875006, 0.17797851562500006, 0.23730468750000006, 0.31640625000000006, 0.42187500000000006, 0.5625000000000001, 0.75, 1.0, 1.3333333333333333, 1.7777777777777777, 2.37037037037037, 3.160493827160493, 4.213991769547324, 5.618655692729765, 7.491540923639686, 9.98872123151958, 13.318294975359441, 17.757726633812588, 23.676968845083447, 31.569291793444595, 42.09238905792613, 56.12318541056816, 74.83091388075755, 99.77455184101005, 133.0327357880134, 177.37698105068452, 236.5026414009127, 315.3368552012169, 420.44914026828917, 560.5988536910522, 747.4651382547362, 996.6201843396482],